{
  "CE2_xyzCalibration_cube.gcode": {
    "hash": "68df399b3856159dc3ddbb660411fd494f9edb6b",
    "analysis": {
      "analysisPending": false,
      "estimatedPrintTime": 2069.2052711943547,
      "printingArea": {
        "maxX": 131.0,
        "maxY": 131.0,
        "maxZ": 20.200000762939453,
        "minX": 10.100000381469727,
        "minY": 20.0,
        "minZ": 0
      },
      "dimensions": {
        "width": 120.89999961853027,
        "depth": 111.0,
        "height": 20.200000762939453
      },
      "filament": {
        "tool0": {
          "length": 1354.8354492485523,
          "volume": 3.2587611502333074
        }
      },
      "firstFilament": 0.00257507262378021,
      "lastFilament": 0.9981789355693267,
      "progress": [
        [
          0,
          2069.2052711943547
        ],
        [
          0.00257507262378021,
          1840.2459305583545
        ],
        [
          0.03765328414327502,
          1776.5658702779274
        ],
        [
          0.05564513142968705,
          1713.4298706144928
        ],
        [
          0.07801628523052791,
          1650.7014334088517
        ],
        [
          0.09971085132237553,
          1588.0460447764692
        ],
        [
          0.12123711201397608,
          1525.4824591672334
        ],
        [
          0.14688012279562002,
          1462.9157019745899
        ],
        [
          0.1890944832855907,
          1400.2550952929892
        ],
        [
          0.22383945011259632,
          1337.6907769564111
        ],
        [
          0.2570225428253091,
          1274.8857614389578
        ],
        [
          0.29138040723174646,
          1212.2725557915678
        ],
        [
          0.32499436176909174,
          1149.7134118606896
        ],
        [
          0.35706327273216887,
          1086.7939242523469
        ],
        [
          0.3850457285772471,
          1023.7798910622475
        ],
        [
          0.4151118052773841,
          961.0278583469245
        ],
        [
          0.44274418588994846,
          898.4281479043096
        ],
        [
          0.47345655532703423,
          835.7027374727749
        ],
        [
          0.508305871502193,
          773.1511727927598
        ],
        [
          0.5457134297611073,
          710.3574013889926
        ],
        [
          0.5832287034761797,
          647.8252936532281
        ],
        [
          0.6206194311950693,
          585.1857767482416
        ],
        [
          0.6562564166433844,
          521.8461788131696
        ],
        [
          0.7029813618599766,
          459.27184145410035
        ],
        [
          0.7412674743081806,
          396.61568913300016
        ],
        [
          0.7874504761359773,
          334.0452332065408
        ],
        [
          0.828224142399833,
          270.9989271137268
        ],
        [
          0.8577886690072337,
          208.39637459236693
        ],
        [
          0.8986599524032328,
          145.82293260864444
        ],
        [
          0.938255480865359,
          83.26969679971761
        ],
        [
          0.9833074704034954,
          20.635735494887687
        ],
        [
          0.9981789355693267,
          5.4367358960003
        ],
        [
          1,
          0
        ]
      ],
      "analysisPrintTime": 1776.651324218529,
      "analysisFirstFilamentPrintTime": 10.082023046068343,
      "analysisLastFilamentPrintTime": 1770.670075202744,
      "compensatedPrintTime": 2069.2052711943547
    },
    "DisplayLayerProgress": {
      "totalLayerCountWithoutOffset": "99"
    },
    "history": [
      {
        "timestamp": 1641345799.1581504,
        "success": false,
        "printerProfile": "_default"
      },
      {
        "timestamp": 1641348004.4791682,
        "printTime": 2000.562315663,
        "success": true,
        "printerProfile": "_default"
      }
    ],
    "statistics": {
      "averagePrintTime": {
        "_default": 2000.562315663
      },
      "lastPrintTime": {
        "_default": 2000.562315663
      }
    }
  },
  "CFFFP_Body1.gcode": {
    "hash": "1adda7e0e55951baebc06233ecb95480956211ba",
    "analysis": {
      "analysisPending": false,
      "estimatedPrintTime": 543.2778233902975,
      "printingArea": {
        "maxX": 120.80000305175781,
        "maxY": 120.80000305175781,
        "maxZ": 5.309999942779541,
        "minX": 99.1989974975586,
        "minY": 99.1989974975586,
        "minZ": 0
      },
      "dimensions": {
        "width": 21.60100555419922,
        "depth": 21.60100555419922,
        "height": 5.309999942779541
      },
      "filament": {
        "tool0": {
          "length": 276.5232543647289,
          "volume": 0.665116371851402
        }
      },
      "firstFilament": 0.00235530187628853,
      "lastFilament": 0.9918023259370736,
      "progress": [
        [
          0,
          543.2778233902975
        ],
        [
          0.00235530187628853,
          366.1215179556974
        ],
        [
          0.05034840114767437,
          299.34397405514227
        ],
        [
          0.08604498932467072,
          232.1548031468726
        ],
        [
          0.30904619450511134,
          165.75440068486446
        ],
        [
          0.6037158710640459,
          99.27647045266569
        ],
        [
          0.90826558016897,
          32.88694859126394
        ],
        [
          0.9918023259370736,
          7.893535907999467
        ],
        [
          1,
          0
        ]
      ],
      "analysisPrintTime": 333.34781860147547,
      "analysisFirstFilamentPrintTime": 9.132089030470183,
      "analysisLastFilamentPrintTime": 332.94709188391823,
      "compensatedPrintTime": 543.2778233902975
    },
    "DisplayLayerProgress": {
      "totalLayerCountWithoutOffset": "19"
    },
    "history": [
      {
        "timestamp": 1641428289.1100574,
        "printTime": 415.9649416080001,
        "success": true,
        "printerProfile": "_default"
      }
    ],
    "statistics": {
      "averagePrintTime": {
        "_default": 415.9649416080001
      },
      "lastPrintTime": {
        "_default": 415.9649416080001
      }
    }
  },
  "CFFFP_base.gcode": {
    "hash": "0e15fae1ac884a14336bfafea28ba34714b4800e",
    "analysis": {
      "analysisPending": false,
      "estimatedPrintTime": 13299.962242365968,
      "printingArea": {
        "maxX": 156.4709930419922,
        "maxY": 155.7209930419922,
        "maxZ": 31.100000381469727,
        "minX": 63.04999923706055,
        "minY": 62.48899841308594,
        "minZ": 0
      },
      "dimensions": {
        "width": 93.42099380493164,
        "depth": 93.23199462890625,
        "height": 31.100000381469727
      },
      "filament": {
        "tool0": {
          "length": 10697.693847553805,
          "volume": 25.730969120149382
        }
      },
      "firstFilament": 0.00028003299770272,
      "lastFilament": 0.9989975107376055,
      "progress": [
        [
          0,
          13299.962242365968
        ],
        [
          0.00028003299770272,
          13069.277499526968
        ],
        [
          0.00634982039636217,
          13005.269799474912
        ],
        [
          0.00935151430730446,
          12941.04879984181
        ],
        [
          0.01077260959719274,
          12875.496011581241
        ],
        [
          0.01213524439013793,
          12810.871899915324
        ],
        [
          0.01389555490920219,
          12747.14573209198
        ],
        [
          0.017109438772012,
          12683.390968782001
        ],
        [
          0.01900543538274665,
          12618.156965971733
        ],
        [
          0.02022661020778015,
          12552.202572167962
        ],
        [
          0.02141530697895639,
          12488.134025213083
        ],
        [
          0.02291074092545132,
          12423.297560464156
        ],
        [
          0.02793617845896687,
          12359.260373145833
        ],
        [
          0.03095735920222352,
          12294.038968224553
        ],
        [
          0.03231422011892741,
          12229.811205873484
        ],
        [
          0.03362922043288194,
          12166.179608362789
        ],
        [
          0.03517661926554851,
          12102.18283701123
        ],
        [
          0.03828079947977375,
          12038.416475635646
        ],
        [
          0.04079171391020612,
          11974.030925337633
        ],
        [
          0.0420302103639635,
          11908.89576969534
        ],
        [
          0.0432347852948033,
          11843.972671514048
        ],
        [
          0.04460247222945962,
          11779.351975977475
        ],
        [
          0.04923167750591642,
          11714.988389480412
        ],
        [
          0.05245783085573898,
          11650.23210733702
        ],
        [
          0.05394388225334181,
          11585.37775214928
        ],
        [
          0.05528414327585199,
          11521.32639068663
        ],
        [
          0.05670596030027043,
          11457.474313206398
        ],
        [
          0.05972353237087628,
          11392.775955597863
        ],
        [
          0.06271656546745663,
          11328.272400761702
        ],
        [
          0.06404311353389373,
          11264.644177082211
        ],
        [
          0.06524335805755256,
          11199.390623874886
        ],
        [
          0.06652227164499899,
          11134.12416174136
        ],
        [
          0.06908154228895219,
          11070.302110316
        ],
        [
          0.07380457305433001,
          11005.852149510662
        ],
        [
          0.0798924038162435,
          10941.074424060145
        ],
        [
          0.08483628534785079,
          10877.39978995945
        ],
        [
          0.09067006555514738,
          10813.360290495604
        ],
        [
          0.09566158156574532,
          10748.645946910021
        ],
        [
          0.09836952952291182,
          10683.656481123673
        ],
        [
          0.10156248308434696,
          10619.770034073637
        ],
        [
          0.1055132579024518,
          10555.34980267675
        ],
        [
          0.10908656556128211,
          10490.607283974241
        ],
        [
          0.11304383599015842,
          10426.874424305051
        ],
        [
          0.11664168262301423,
          10362.355972962498
        ],
        [
          0.12035861545334672,
          10297.771198139355
        ],
        [
          0.12368003776115062,
          10233.283778609893
        ],
        [
          0.12836698180002035,
          10169.607472626394
        ],
        [
          0.13115432055550463,
          10104.302160604042
        ],
        [
          0.13472401954168414,
          10040.659147139486
        ],
        [
          0.13846332614245163,
          9976.768146890494
        ],
        [
          0.1419622951446753,
          9912.49837557485
        ],
        [
          0.14601411279700277,
          9848.60204406429
        ],
        [
          0.14810353426182074,
          9783.183578694698
        ],
        [
          0.14943585620449915,
          9718.760117953687
        ],
        [
          0.15078910844855223,
          9654.544585257328
        ],
        [
          0.1533057967552259,
          9590.683606495317
        ],
        [
          0.1569245736894564,
          9526.939104540867
        ],
        [
          0.15858528484335835,
          9462.353493199957
        ],
        [
          0.15981439874822362,
          9396.890537843268
        ],
        [
          0.16102835622795553,
          9331.329022699983
        ],
        [
          0.16256925944985065,
          9267.260344303444
        ],
        [
          0.166781302167874,
          9203.136270945057
        ],
        [
          0.16950151961205326,
          9137.932386148655
        ],
        [
          0.17088147603372233,
          9072.125771153469
        ],
        [
          0.17222967613606427,
          9007.689967856868
        ],
        [
          0.17407803826780827,
          8944.008122296631
        ],
        [
          0.17808294317567525,
          8879.65941169996
        ],
        [
          0.17997893978640989,
          8815.665269570967
        ],
        [
          0.18120733195674502,
          8750.978659846423
        ],
        [
          0.18242056770194673,
          8685.420685606672
        ],
        [
          0.1838019675926761,
          8621.117447491968
        ],
        [
          0.188011845107109,
          8555.828915723529
        ],
        [
          0.19051409872317945,
          8490.556278258377
        ],
        [
          0.1918565249492801,
          8426.750489259271
        ],
        [
          0.19318162954665688,
          8362.314214499953
        ],
        [
          0.19478893234532688,
          8297.503815354066
        ],
        [
          0.1980511724216575,
          8233.552220045109
        ],
        [
          0.20087748484177054,
          8168.5944566103035
        ],
        [
          0.20213979853502326,
          8103.1349322825845
        ],
        [
          0.20333643438603127,
          8037.569089499821
        ],
        [
          0.20462545225689996,
          7973.479903179887
        ],
        [
          0.20936580465100166,
          7909.6925998541565
        ],
        [
          0.21272259195078347,
          7846.011929683875
        ],
        [
          0.21421513895915775,
          7781.019401072973
        ],
        [
          0.21558354762834425,
          7716.248874334001
        ],
        [
          0.21713744207178226,
          7651.456005110406
        ],
        [
          0.2205505246649167,
          7587.737793350481
        ],
        [
          0.22330322016295323,
          7523.641834679598
        ],
        [
          0.2245662555907361,
          7459.465388745199
        ],
        [
          0.2257672218489251,
          7393.907414505447
        ],
        [
          0.22702087472781587,
          7330.094193971029
        ],
        [
          0.23116651786906436,
          7266.451836017745
        ],
        [
          0.24150031287191884,
          7201.453641156479
        ],
        [
          0.25300836995534626,
          7135.670309537986
        ],
        [
          0.2645864352881994,
          7069.06511655906
        ],
        [
          0.2760562404415283,
          7003.335998727289
        ],
        [
          0.2875686279321367,
          6936.755729329757
        ],
        [
          0.29908029368821504,
          6870.984125153525
        ],
        [
          0.310608559338487,
          6806.14653266663
        ],
        [
          0.3223150934177089,
          6740.209169063236
        ],
        [
          0.33405410555078807,
          6676.430689555959
        ],
        [
          0.34397001626067897,
          6612.8038882159435
        ],
        [
          0.35125448287360045,
          6549.086823750707
        ],
        [
          0.3582791250556638,
          6485.439597042365
        ],
        [
          0.36487938733399206,
          6421.6631986341135
        ],
        [
          0.37137860677809764,
          6357.770214473268
        ],
        [
          0.37680388524132274,
          6294.048015396756
        ],
        [
          0.3823626845926278,
          6230.308094352496
        ],
        [
          0.3874841128186548,
          6166.576718680148
        ],
        [
          0.3927195751004474,
          6102.784141963991
        ],
        [
          0.3977709950770488,
          6039.118318536019
        ],
        [
          0.4030396571472288,
          5975.1788368018115
        ],
        [
          0.4082657368801293,
          5911.280662576285
        ],
        [
          0.4136065724033255,
          5847.352653646285
        ],
        [
          0.4194158136365966,
          5783.342488307598
        ],
        [
          0.4253138282170775,
          5717.914265965655
        ],
        [
          0.431044400386561,
          5652.806551925832
        ],
        [
          0.43695324098499444,
          5586.537957734713
        ],
        [
          0.4425863789929061,
          5521.11447499303
        ],
        [
          0.44854501927392065,
          5454.7054292900475
        ],
        [
          0.45474688409159963,
          5389.614202955291
        ],
        [
          0.46015556266063107,
          5325.9854635574975
        ],
        [
          0.46606656846265493,
          5262.156134862361
        ],
        [
          0.47234277193694063,
          5197.380336451885
        ],
        [
          0.4808837783668735,
          5133.293618384065
        ],
        [
          0.49023817961229865,
          5069.067126588753
        ],
        [
          0.4974100556385149,
          5004.306506543228
        ],
        [
          0.5042210643996504,
          4940.639384166063
        ],
        [
          0.5104525203330661,
          4876.918428685886
        ],
        [
          0.5171033040285056,
          4812.886813207033
        ],
        [
          0.52323949100394,
          4749.255391096354
        ],
        [
          0.5284554664534181,
          4685.55432582122
        ],
        [
          0.5347886869555866,
          4621.878548541372
        ],
        [
          0.541666095293497,
          4557.166121742705
        ],
        [
          0.5487181633877064,
          4491.856765351487
        ],
        [
          0.5573082477656903,
          4427.672950244724
        ],
        [
          0.5665103630252514,
          4363.55501121819
        ],
        [
          0.574612554860846,
          4299.432653350751
        ],
        [
          0.5802240408328527,
          4235.803160502586
        ],
        [
          0.5871685704820682,
          4170.550424160814
        ],
        [
          0.5912694660824466,
          4106.904069573609
        ],
        [
          0.5965078153023599,
          4042.421618400181
        ],
        [
          0.6008851352277902,
          3977.99453820172
        ],
        [
          0.6062173099366245,
          3912.1113171976335
        ],
        [
          0.6124660874987641,
          3848.3739690709604
        ],
        [
          0.6188880813481423,
          3784.3464817088384
        ],
        [
          0.6244165678491805,
          3720.7144313957774
        ],
        [
          0.6311691161133729,
          3656.6049574806207
        ],
        [
          0.6367813238199099,
          3591.5772390012226
        ],
        [
          0.6425862346460001,
          3527.6163701083774
        ],
        [
          0.6490154458406799,
          3463.671185175407
        ],
        [
          0.6551278155766189,
          3398.874469787346
        ],
        [
          0.6614884619909336,
          3335.232012137145
        ],
        [
          0.6683860788956885,
          3271.5425367345533
        ],
        [
          0.6740906686220861,
          3207.796112905386
        ],
        [
          0.6832011235963166,
          3143.7547839656613
        ],
        [
          0.6928377230430348,
          3079.863348322679
        ],
        [
          0.7031354313193813,
          3015.8955999330183
        ],
        [
          0.7115089953383167,
          2949.9543602236236
        ],
        [
          0.7216868956826562,
          2886.315844664907
        ],
        [
          0.7305108220484126,
          2819.9699422277
        ],
        [
          0.7396559202800908,
          2755.053355349474
        ],
        [
          0.7478620418880286,
          2689.5495962001373
        ],
        [
          0.7573889376861624,
          2625.898660202548
        ],
        [
          0.7668819119613786,
          2561.8643728672732
        ],
        [
          0.7769674302858574,
          2495.433328322735
        ],
        [
          0.7870002619896345,
          2428.9204002901342
        ],
        [
          0.7969197813721761,
          2365.1181418691294
        ],
        [
          0.8044590202742447,
          2300.3332236798888
        ],
        [
          0.810260322427684,
          2234.314572001496
        ],
        [
          0.8159324341002244,
          2170.561627156972
        ],
        [
          0.8212804869687222,
          2104.1729434712374
        ],
        [
          0.8269966244476025,
          2039.3420402387935
        ],
        [
          0.8326911098905778,
          1975.5859681920888
        ],
        [
          0.8380160672541105,
          1909.239749834104
        ],
        [
          0.8439682119243536,
          1843.2209231949457
        ],
        [
          0.8497630184670214,
          1779.4674740753787
        ],
        [
          0.8552207749841038,
          1713.078692133154
        ],
        [
          0.8610502247842194,
          1648.2315795359834
        ],
        [
          0.8668067793967887,
          1584.4901397259189
        ],
        [
          0.87221473623129,
          1518.1550638492422
        ],
        [
          0.8781178029534821,
          1452.136680121182
        ],
        [
          0.8838613663445084,
          1388.3831591512303
        ],
        [
          0.8893119055162891,
          1321.9962787559189
        ],
        [
          0.8951124859351983,
          1257.1672072254437
        ],
        [
          0.9008791448311899,
          1193.4166286035716
        ],
        [
          0.906255345346364,
          1127.074399106535
        ],
        [
          0.9121179949348671,
          1061.054909210434
        ],
        [
          0.9178853755653887,
          997.307371166007
        ],
        [
          0.9233193148429758,
          930.9223111802321
        ],
        [
          0.9291018518986309,
          866.0947889437795
        ],
        [
          0.934879336812575,
          802.3436496495917
        ],
        [
          0.9402613112039904,
          736.0013715557986
        ],
        [
          0.9462343861756081,
          669.9789470072332
        ],
        [
          0.9520710533210254,
          606.201817883725
        ],
        [
          0.9574248800657644,
          540.9588405910675
        ],
        [
          0.9627974719082878,
          475.4390598706535
        ],
        [
          0.9680863425453123,
          411.65858566306576
        ],
        [
          0.973143536398155,
          347.9965138154434
        ],
        [
          0.97856881486138,
          283.9731148353852
        ],
        [
          0.9841167881947326,
          217.7051485126125
        ],
        [
          0.9894799974883638,
          153.31288238070135
        ],
        [
          0.994226845493237,
          86.87186435373707
        ],
        [
          0.9984468272910921,
          23.22312936850662
        ],
        [
          0.9989975107376055,
          6.42202952466702
        ],
        [
          1,
          0
        ]
      ],
      "analysisPrintTime": 12328.144284752487,
      "analysisFirstFilamentPrintTime": 9.132312601470403,
      "analysisLastFilamentPrintTime": 12327.538224301597,
      "compensatedPrintTime": 13299.962242365968
    },
    "DisplayLayerProgress": {
      "totalLayerCountWithoutOffset": "154"
    },
    "history": [
      {
        "timestamp": 1641394550.7621572,
        "printTime": 13591.221570697999,
        "success": true,
        "printerProfile": "_default"
      }
    ],
    "statistics": {
      "averagePrintTime": {
        "_default": 13591.221570697999
      },
      "lastPrintTime": {
        "_default": 13591.221570697999
      }
    }
  },
  "CFFFP_Test.gcode": {
    "hash": "89a19bededfcb70f7b52aec8ce4a22402dd1d0e6",
    "analysis": {
      "analysisPending": false,
      "estimatedPrintTime": 508.4503179694851,
      "printingArea": {
        "maxX": 120.80000305175781,
        "maxY": 120.80000305175781,
        "maxZ": 5.309999942779541,
        "minX": 99.1989974975586,
        "minY": 99.1989974975586,
        "minZ": 0
      },
      "dimensions": {
        "width": 21.60100555419922,
        "depth": 21.60100555419922,
        "height": 5.309999942779541
      },
      "filament": {
        "tool0": {
          "length": 290.88107296824455,
          "volume": 0.6996509727087864
        }
      },
      "firstFilament": 0.00234708869556736,
      "lastFilament": 0.9918309120725708,
      "progress": [
        [
          0,
          508.4503179694851
        ],
        [
          0.00234708869556736,
          386.51369922488493
        ],
        [
          0.0501728310766736,
          319.333375362361
        ],
        [
          0.08574494156663598,
          251.73894169475037
        ],
        [
          0.2859912334713137,
          184.60849552155375
        ],
        [
          0.5554309193881719,
          117.80843863332149
        ],
        [
          0.8385081050764176,
          51.03108161796443
        ],
        [
          0.9918309120725708,
          7.640273188999345
        ],
        [
          1,
          0
        ]
      ],
      "analysisPrintTime": 349.9566460162744,
      "analysisFirstFilamentPrintTime": 9.132089030470183,
      "analysisLastFilamentPrintTime": 349.55591889871715,
      "compensatedPrintTime": 508.4503179694851
    },
    "DisplayLayerProgress": {
      "totalLayerCountWithoutOffset": "19"
    },
    "history": [
      {
        "timestamp": 1641429044.0509963,
        "printTime": 551.1839161950002,
        "success": true,
        "printerProfile": "_default"
      }
    ],
    "statistics": {
      "averagePrintTime": {
        "_default": 551.1839161950002
      },
      "lastPrintTime": {
        "_default": 551.1839161950002
      }
    }
  },
  "CFFFP_Flat.gcode": {
    "hash": "3e19f6d678f4b98593069317499bcceb26c881de",
    "analysis": {
      "analysisPending": false,
      "estimatedPrintTime": 5445.699210377915,
      "printingArea": {
        "maxX": 121.7509994506836,
        "maxY": 149.3260040283203,
        "maxZ": 8.3100004196167,
        "minX": 74.7770004272461,
        "minY": 70.6729965209961,
        "minZ": 0
      },
      "dimensions": {
        "width": 46.9739990234375,
        "depth": 78.65300750732422,
        "height": 8.3100004196167
      },
      "filament": {
        "tool0": {
          "length": 4382.046279907227,
          "volume": 10.540056494245379
        }
      },
      "firstFilament": 0.0002269053781241,
      "lastFilament": 0.9992183722193154,
      "progress": [
        [
          0,
          5445.699210377915
        ],
        [
          0.0002269053781241,
          5303.369104793314
        ],
        [
          0.00302676608505394,
          5231.613351789115
        ],
        [
          0.00354182379426624,
          5158.678283970509
        ],
        [
          0.00590595617868011,
          5086.887316590842
        ],
        [
          0.00701248446223134,
          5015.373610902247
        ],
        [
          0.0081995087411068,
          4945.203374757291
        ],
        [
          0.01129977116971764,
          4873.982822109124
        ],
        [
          0.01254745909724325,
          4803.723722847971
        ],
        [
          0.01372048407258405,
          4733.2836207128685
        ],
        [
          0.01480134696632176,
          4662.794012383053
        ],
        [
          0.01614761332290385,
          4592.80177460177
        ],
        [
          0.0175679593273568,
          4521.857847417043
        ],
        [
          0.01956635990692797,
          4450.027062855684
        ],
        [
          0.02029024056053211,
          4380.3090401671925
        ],
        [
          0.02113486520712261,
          4310.645045171752
        ],
        [
          0.02351474680801297,
          4237.8682038740735
        ],
        [
          0.0244585331879739,
          4168.232679039233
        ],
        [
          0.02521449557884495,
          4098.514655887237
        ],
        [
          0.04499376156036237,
          4028.988145169584
        ],
        [
          0.05258546720633982,
          3959.4586789329146
        ],
        [
          0.06687933941953055,
          3889.8436983261786
        ],
        [
          0.08568915363127351,
          3820.290280188131
        ],
        [
          0.09616938223990024,
          3750.4849633051113
        ],
        [
          0.10890466532623336,
          3680.9265523909935
        ],
        [
          0.12191760126600368,
          3611.3886463349018
        ],
        [
          0.13884567576096424,
          3541.738198935541
        ],
        [
          0.15031168866015582,
          3472.2074938118926
        ],
        [
          0.16215568275478295,
          3402.066336167649
        ],
        [
          0.17993771476535708,
          3332.529344019183
        ],
        [
          0.19744734366131952,
          3262.8043016805414
        ],
        [
          0.2211213325470391,
          3190.79134386878
        ],
        [
          0.23674397198739364,
          3120.618618140325
        ],
        [
          0.25308874216841043,
          3051.0912361886863
        ],
        [
          0.27751869344500113,
          2981.426044497807
        ],
        [
          0.292712020910293,
          2911.8803394585484
        ],
        [
          0.30877038867316353,
          2842.0915950068816
        ],
        [
          0.33199115010694885,
          2772.5394797351455
        ],
        [
          0.3480040201333317,
          2702.7938076304968
        ],
        [
          0.3640186400726564,
          2633.251029809985
        ],
        [
          0.3867319267533107,
          2563.710661782397
        ],
        [
          0.4028801233805285,
          2493.059714360654
        ],
        [
          0.4191473140877908,
          2423.520203254498
        ],
        [
          0.44187285015903793,
          2353.986750552803
        ],
        [
          0.4579848819187912,
          2284.4482584959796
        ],
        [
          0.4738997568204315,
          2214.915786287395
        ],
        [
          0.4962671440429172,
          2145.379403645478
        ],
        [
          0.513016144113497,
          2075.324561852113
        ],
        [
          0.5287671105029191,
          2005.7952257324264
        ],
        [
          0.5511088323355913,
          1936.2522778980217
        ],
        [
          0.5680299071787845,
          1866.4659232434637
        ],
        [
          0.5832739821193895,
          1796.933010598699
        ],
        [
          0.605426713354344,
          1727.405565265513
        ],
        [
          0.6223880361951993,
          1657.2755494111518
        ],
        [
          0.637572614095782,
          1587.6977873058756
        ],
        [
          0.659813424282142,
          1518.1682135833705
        ],
        [
          0.6770378173685859,
          1448.3883975861008
        ],
        [
          0.6920334046714509,
          1378.8374799428027
        ],
        [
          0.7138460694913762,
          1309.3033955791273
        ],
        [
          0.7316811821945192,
          1238.9463049283688
        ],
        [
          0.7467560988840806,
          1169.4181049913611
        ],
        [
          0.7687303389989681,
          1099.870919824938
        ],
        [
          0.7870204290669872,
          1029.6735363544713
        ],
        [
          0.8035489401068964,
          960.1228066360632
        ],
        [
          0.8230528864522323,
          890.4425505057357
        ],
        [
          0.8306305927946751,
          820.8566809132016
        ],
        [
          0.8447535568438803,
          750.8368358961264
        ],
        [
          0.8623880128630267,
          681.2994965763041
        ],
        [
          0.8726874171343308,
          611.6944967444977
        ],
        [
          0.8865333116344128,
          540.4117989945781
        ],
        [
          0.8996652416542277,
          470.87891878788065
        ],
        [
          0.9168633860465442,
          401.29999971497534
        ],
        [
          0.9314786589367179,
          331.651933764585
        ],
        [
          0.9408494427402236,
          261.50406000644665
        ],
        [
          0.9582785756408618,
          191.94566323417044
        ],
        [
          0.970547798580354,
          122.4020085830532
        ],
        [
          0.9826904444837202,
          52.57408195442628
        ],
        [
          0.9992183722193154,
          5.4074224417998265
        ],
        [
          1,
          0
        ]
      ],
      "analysisPrintTime": 4581.634915528755,
      "analysisFirstFilamentPrintTime": 9.132278884784682,
      "analysisLastFilamentPrintTime": 4581.234188811198,
      "compensatedPrintTime": 5445.699210377915
    },
    "DisplayLayerProgress": {
      "totalLayerCountWithoutOffset": "34"
    },
    "history": [
      {
        "timestamp": 1641434691.1836045,
        "printTime": 5386.067829579999,
        "success": true,
        "printerProfile": "_default"
      }
    ],
    "statistics": {
      "averagePrintTime": {
        "_default": 5386.067829579999
      },
      "lastPrintTime": {
        "_default": 5386.067829579999
      }
    }
  }
}