[{"key": "touchui", "name": "TouchUI", "url": "https://github.com/BillyBlaze/OctoPrint-TouchUI"}, {"key": "toptemp", "name": "Top Temp", "url": "https://github.com/LazeMSS/OctoPrint-TopTemp"}, {"key": "thespaghettidetective", "name": "Access Anywhere - The Spaghetti Detective", "url": "https://thespaghettidetective.com"}, {"key": "wemoswitch", "name": "Wemo Switch", "url": "https://github.com/jneilliii/OctoPrint-WemoSwitch"}, {"key": "resource_monitor", "name": "Resource Monitor", "url": "https://github.com/Renaud11232/OctoPrint-Resource-Monitor"}, {"key": "PrintTimeGenius", "name": "PrintTimeGenius Plugin", "url": "https://github.com/eyal0/OctoPrint-PrintTimeGenius"}, {"key": "octopod", "name": "OctoPod Plugin", "url": "https://github.com/gdombiak/OctoPrint-OctoPod"}, {"key": "networkhealth", "name": "Network Health Monitor", "url": "https://github.com/jonfairbanks/OctoPrint-NetworkHealth"}, {"key": "fullscreen", "name": "Fullscreen Plugin", "url": "https://github.com/BillyBlaze/OctoPrint-FullScreen"}, {"key": "displayprogress", "name": "DisplayProgress", "url": "https://github.com/OctoPrint/OctoPrint-DisplayProgress"}, {"key": "display_eta", "name": "Octoprint Display ETA", "url": "https://github.com/AlexVerrico/Octoprint-Display-ETA"}, {"key": "detailedprogress", "name": "Detailed Progress", "url": "https://github.com/tpmullan/OctoPrint-DetailedProgress"}, {"key": "octoeverywhere", "name": "OctoEverywhere!", "url": "http://www.OctoEverywhere.com"}, {"key": "m73progress", "name": "M73 Progress Plugin", "url": "https://github.com/cesarvandevelde/OctoPrint-M73Progress"}, {"key": "DisplayLayerProgress", "name": "DisplayLayerProgress Plugin", "url": "https://github.com/OllisGit/OctoPrint-DisplayLayerProgress"}, {"key": "calibrationcompanion", "name": "Calibration-Companion", "url": "https://github.com/iFrostizz/OctoPrint-CalibrationCompanion"}]